n,time,vectorlength,platform
20,0.001425,1,nvidia
30,0.003836,1,nvidia
40,0.007099,1,nvidia
50,0.010963,1,nvidia
60,0.015691,1,nvidia
70,0.021517,1,nvidia
80,0.028024,1,nvidia
90,0.035492,1,nvidia
100,0.043807,1,nvidia
110,0.053075,1,nvidia
120,0.063198,1,nvidia
130,0.074680,1,nvidia
140,0.086425,1,nvidia
150,0.099767,1,nvidia
160,0.115766,1,nvidia
170,0.134068,1,nvidia
180,0.150559,1,nvidia
190,0.172649,1,nvidia
200,0.190324,1,nvidia
210,0.213724,1,nvidia
220,0.238684,1,nvidia
230,0.262263,1,nvidia
240,0.293326,1,nvidia
250,0.307005,1,nvidia
260,0.322498,1,nvidia
270,0.371527,1,nvidia
280,0.402972,1,nvidia
290,0.435559,1,nvidia
300,0.460541,1,nvidia
310,0.486931,1,nvidia
320,0.516761,1,nvidia
330,0.557347,1,nvidia
340,0.601005,1,nvidia
350,0.635898,1,nvidia
360,0.675035,1,nvidia
370,0.724196,1,nvidia
380,0.782158,1,nvidia
390,0.868126,1,nvidia
400,0.898789,1,nvidia
410,0.962598,1,nvidia
420,1.034855,1,nvidia
430,1.105114,1,nvidia
440,1.177976,1,nvidia
450,1.256962,1,nvidia
460,1.342499,1,nvidia
470,1.431111,1,nvidia
480,1.538830,1,nvidia
490,1.612576,1,nvidia
500,1.728858,1,nvidia
520,2.100533,1,nvidia
540,2.134991,1,nvidia
560,2.378077,1,nvidia
580,2.626871,1,nvidia
600,2.908820,1,nvidia
620,3.202871,1,nvidia
640,3.499848,1,nvidia
660,3.842696,1,nvidia
680,4.192714,1,nvidia
700,4.566542,1,nvidia
720,4.966566,1,nvidia
740,5.377368,1,nvidia
760,5.812231,1,nvidia
780,6.361547,1,nvidia
800,6.755850,1,nvidia
820,7.260326,1,nvidia
840,7.807069,1,nvidia
860,8.360192,1,nvidia
880,8.958349,1,nvidia
900,9.544886,1,nvidia
920,10.200839,1,nvidia
940,10.845165,1,nvidia
960,11.537094,1,nvidia
980,12.288631,1,nvidia
1000,13.042236,1,nvidia
1050,15.281491,1,nvidia
1100,17.439555,1,nvidia
1150,19.784718,1,nvidia
1200,22.604547,1,nvidia
1250,25.555608,1,nvidia
1300,28.681856,1,nvidia
1350,32.116662,1,nvidia
1400,35.552797,1,nvidia
1450,39.565189,1,nvidia
1500,43.695620,1,nvidia
1550,48.226751,1,nvidia
1600,52.950049,1,nvidia
1650,57.872941,1,nvidia
1700,63.350458,1,nvidia
1750,69.288466,1,nvidia
1800,74.979115,1,nvidia
1850,81.376359,1,nvidia
1900,88.026069,1,nvidia
1950,95.146351,1,nvidia
2000,102.506553,1,nvidia
2100,119.108183,1,nvidia
2200,137.948011,1,nvidia
2300,156.406941,1,nvidia
2400,177.934586,1,nvidia
2500,201.422816,1,nvidia
2600,226.486887,1,nvidia
2700,252.084147,1,nvidia
2800,281.651300,1,nvidia
2900,313.935595,1,nvidia
3000,345.045049,1,nvidia
3200,420.475748,1,nvidia
3400,503.504149,1,nvidia
3600,596.616466,1,nvidia
3800,700.560419,1,nvidia
4000,817.189912,1,nvidia
4200,948.841346,1,nvidia
4400,1089.482758,1,nvidia
4600,1244.866663,1,nvidia
4800,1410.525835,1,nvidia
5000,1594.379779,1,nvidia
20,0.001082,2,nvidia
30,0.003120,2,nvidia
40,0.005598,2,nvidia
50,0.008612,2,nvidia
60,0.012368,2,nvidia
70,0.016827,2,nvidia
80,0.021923,2,nvidia
90,0.027810,2,nvidia
100,0.034286,2,nvidia
110,0.041606,2,nvidia
120,0.049477,2,nvidia
130,0.058215,2,nvidia
140,0.067552,2,nvidia
150,0.077935,2,nvidia
160,0.089043,2,nvidia
170,0.100919,2,nvidia
180,0.113278,2,nvidia
190,0.126545,2,nvidia
200,0.140648,2,nvidia
210,0.156437,2,nvidia
220,0.172767,2,nvidia
230,0.189433,2,nvidia
240,0.206851,2,nvidia
250,0.224948,2,nvidia
260,0.247023,2,nvidia
270,0.267181,2,nvidia
280,0.290792,2,nvidia
290,0.313569,2,nvidia
300,0.338097,2,nvidia
310,0.365760,2,nvidia
320,0.392609,2,nvidia
330,0.435677,2,nvidia
340,0.468339,2,nvidia
350,0.504020,2,nvidia
360,0.534040,2,nvidia
370,0.571127,2,nvidia
380,0.608764,2,nvidia
390,0.661105,2,nvidia
400,0.709160,2,nvidia
410,0.765256,2,nvidia
420,0.825899,2,nvidia
430,0.861912,2,nvidia
440,0.913015,2,nvidia
450,0.970864,2,nvidia
460,1.042574,2,nvidia
470,1.116701,2,nvidia
480,1.184893,2,nvidia
490,1.251468,2,nvidia
500,1.323938,2,nvidia
520,1.540912,2,nvidia
540,1.659165,2,nvidia
560,1.829085,2,nvidia
580,2.013496,2,nvidia
600,2.219106,2,nvidia
620,2.418485,2,nvidia
640,2.620998,2,nvidia
660,2.852184,2,nvidia
680,3.088588,2,nvidia
700,3.355246,2,nvidia
720,3.768794,2,nvidia
740,4.213290,2,nvidia
760,4.675198,2,nvidia
780,5.203536,2,nvidia
800,5.626825,2,nvidia
820,6.118332,2,nvidia
840,6.666068,2,nvidia
860,7.241040,2,nvidia
880,7.835039,2,nvidia
900,8.386836,2,nvidia
920,9.035179,2,nvidia
940,9.700889,2,nvidia
960,10.343929,2,nvidia
980,11.163408,2,nvidia
1000,12.200311,2,nvidia
1050,11.609011,2,nvidia
1100,13.272037,2,nvidia
1150,14.971672,2,nvidia
1200,17.002563,2,nvidia
1250,18.964994,2,nvidia
1300,21.222438,2,nvidia
1350,23.315135,2,nvidia
1400,25.701083,2,nvidia
1450,30.076221,2,nvidia
1500,34.409458,2,nvidia
1550,39.281450,2,nvidia
1600,43.759395,2,nvidia
1650,48.720514,2,nvidia
1700,54.221115,2,nvidia
1750,60.156134,2,nvidia
1800,65.618513,2,nvidia
1850,71.931821,2,nvidia
1900,78.080412,2,nvidia
1950,86.648892,2,nvidia
2000,91.867815,2,nvidia
2100,88.202870,2,nvidia
2200,103.726168,2,nvidia
2300,117.523000,2,nvidia
2400,146.481688,2,nvidia
2500,148.752136,2,nvidia
2600,167.831547,2,nvidia
2700,219.135599,2,nvidia
2800,204.652032,2,nvidia
2900,236.145655,2,nvidia
3000,310.455020,2,nvidia
3200,346.064725,2,nvidia
3400,427.433764,2,nvidia
3600,518.832458,2,nvidia
3800,621.142761,2,nvidia
4000,743.676941,2,nvidia
4200,805.157168,2,nvidia
4400,937.604585,2,nvidia
4600,1094.040453,2,nvidia
4800,1242.236309,2,nvidia
5000,1423.299965,2,nvidia
20,0.001130,4,nvidia
30,0.002810,4,nvidia
40,0.005255,4,nvidia
50,0.007906,4,nvidia
60,0.011474,4,nvidia
70,0.015535,4,nvidia
80,0.020189,4,nvidia
90,0.025297,4,nvidia
100,0.031398,4,nvidia
110,0.037837,4,nvidia
120,0.045153,4,nvidia
130,0.053921,4,nvidia
140,0.061486,4,nvidia
150,0.070662,4,nvidia
160,0.080773,4,nvidia
170,0.091981,4,nvidia
180,0.103115,4,nvidia
190,0.114936,4,nvidia
200,0.128536,4,nvidia
210,0.142451,4,nvidia
220,0.156168,4,nvidia
230,0.172022,4,nvidia
240,0.188946,4,nvidia
250,0.205996,4,nvidia
260,0.241271,4,nvidia
270,0.243248,4,nvidia
280,0.264643,4,nvidia
290,0.287407,4,nvidia
300,0.311108,4,nvidia
310,0.337447,4,nvidia
320,0.360726,4,nvidia
330,0.400948,4,nvidia
340,0.439576,4,nvidia
350,0.470522,4,nvidia
360,0.491512,4,nvidia
370,0.523981,4,nvidia
380,0.564580,4,nvidia
390,0.638511,4,nvidia
400,0.650530,4,nvidia
410,0.703454,4,nvidia
420,0.756918,4,nvidia
430,0.798753,4,nvidia
440,0.836983,4,nvidia
450,0.900114,4,nvidia
460,0.962960,4,nvidia
470,1.029840,4,nvidia
480,1.075605,4,nvidia
490,1.156052,4,nvidia
500,1.263523,4,nvidia
520,1.638146,4,nvidia
540,1.532978,4,nvidia
560,1.685106,4,nvidia
580,1.877392,4,nvidia
600,2.107067,4,nvidia
620,2.365231,4,nvidia
640,2.561641,4,nvidia
660,2.965907,4,nvidia
680,3.293599,4,nvidia
700,3.675292,4,nvidia
720,4.020600,4,nvidia
740,4.384064,4,nvidia
760,4.775027,4,nvidia
780,5.405450,4,nvidia
800,5.609206,4,nvidia
820,6.105191,4,nvidia
840,6.619809,4,nvidia
860,7.178536,4,nvidia
880,7.740989,4,nvidia
900,8.267729,4,nvidia
920,8.898748,4,nvidia
940,9.591498,4,nvidia
960,10.141362,4,nvidia
980,11.013801,4,nvidia
1000,12.079465,4,nvidia
1050,10.806494,4,nvidia
1100,12.190281,4,nvidia
1150,13.809398,4,nvidia
1200,15.998175,4,nvidia
1250,18.677307,4,nvidia
1300,22.320232,4,nvidia
1350,24.887419,4,nvidia
1400,27.990594,4,nvidia
1450,32.273612,4,nvidia
1500,36.244723,4,nvidia
1550,40.529908,4,nvidia
1600,43.645457,4,nvidia
1650,48.898332,4,nvidia
1700,53.742982,4,nvidia
1750,60.213665,4,nvidia
1800,64.517788,4,nvidia
1850,71.251739,4,nvidia
1900,76.668718,4,nvidia
1950,86.019524,4,nvidia
2000,90.233266,4,nvidia
2100,97.382940,4,nvidia
2200,94.799421,4,nvidia
2300,113.194315,4,nvidia
2400,146.604484,4,nvidia
2500,146.232578,4,nvidia
2600,175.369555,4,nvidia
2700,215.733211,4,nvidia
2800,222.881211,4,nvidia
2900,249.236462,4,nvidia
3000,305.373338,4,nvidia
3200,344.510033,4,nvidia
3400,421.706168,4,nvidia
3600,509.276441,4,nvidia
3800,609.353807,4,nvidia
4000,732.052298,4,nvidia
4200,802.820506,4,nvidia
4400,923.849286,4,nvidia
4600,1078.570097,4,nvidia
4800,1217.194010,4,nvidia
5000,1400.251352,4,nvidia
20,0.001168,8,nvidia
30,0.002828,8,nvidia
40,0.005300,8,nvidia
50,0.007627,8,nvidia
60,0.010979,8,nvidia
70,0.015151,8,nvidia
80,0.019822,8,nvidia
90,0.024164,8,nvidia
100,0.030051,8,nvidia
110,0.036760,8,nvidia
120,0.043826,8,nvidia
130,0.052651,8,nvidia
140,0.059013,8,nvidia
150,0.068497,8,nvidia
160,0.078742,8,nvidia
170,0.088933,8,nvidia
180,0.099343,8,nvidia
190,0.112248,8,nvidia
200,0.124648,8,nvidia
210,0.136509,8,nvidia
220,0.150300,8,nvidia
230,0.168426,8,nvidia
240,0.184349,8,nvidia
250,0.201189,8,nvidia
260,0.236780,8,nvidia
270,0.236460,8,nvidia
280,0.257510,8,nvidia
290,0.279674,8,nvidia
300,0.301436,8,nvidia
310,0.329618,8,nvidia
320,0.355842,8,nvidia
330,0.391241,8,nvidia
340,0.429059,8,nvidia
350,0.462760,8,nvidia
360,0.501812,8,nvidia
370,0.513666,8,nvidia
380,0.549281,8,nvidia
390,0.642156,8,nvidia
400,0.631326,8,nvidia
410,0.678322,8,nvidia
420,0.738613,8,nvidia
430,0.784956,8,nvidia
440,0.829158,8,nvidia
450,0.883924,8,nvidia
460,0.937053,8,nvidia
470,1.012097,8,nvidia
480,1.044615,8,nvidia
490,1.140037,8,nvidia
500,1.256647,8,nvidia
520,1.643471,8,nvidia
540,1.507282,8,nvidia
560,1.669897,8,nvidia
580,1.848273,8,nvidia
600,2.083650,8,nvidia
620,2.320089,8,nvidia
640,2.510476,8,nvidia
660,2.884134,8,nvidia
680,3.204902,8,nvidia
700,3.590378,8,nvidia
720,3.921816,8,nvidia
740,4.300904,8,nvidia
760,4.682103,8,nvidia
780,5.295306,8,nvidia
800,5.510011,8,nvidia
820,6.029813,8,nvidia
840,6.529288,8,nvidia
860,7.098730,8,nvidia
880,7.613624,8,nvidia
900,8.177808,8,nvidia
920,8.778459,8,nvidia
940,9.496383,8,nvidia
960,10.004941,8,nvidia
980,10.903327,8,nvidia
1000,11.948058,8,nvidia
1050,10.701251,8,nvidia
1100,11.933528,8,nvidia
1150,13.688415,8,nvidia
1200,15.565379,8,nvidia
1250,18.258887,8,nvidia
1300,21.623417,8,nvidia
1350,24.262946,8,nvidia
1400,27.135858,8,nvidia
1450,31.618216,8,nvidia
1500,35.473315,8,nvidia
1550,39.892197,8,nvidia
1600,42.778053,8,nvidia
1650,48.225240,8,nvidia
1700,53.087153,8,nvidia
1750,59.429844,8,nvidia
1800,63.443458,8,nvidia
1850,70.433790,8,nvidia
1900,76.026135,8,nvidia
1950,85.080191,8,nvidia
2000,89.270315,8,nvidia
2100,94.574549,8,nvidia
2200,92.213685,8,nvidia
2300,111.702695,8,nvidia
2400,143.696905,8,nvidia
2500,141.840866,8,nvidia
2600,168.979183,8,nvidia
2700,213.516735,8,nvidia
2800,214.716513,8,nvidia
2900,243.410310,8,nvidia
3000,302.362503,8,nvidia
3200,337.375461,8,nvidia
3400,413.879811,8,nvidia
3600,501.121620,8,nvidia
3800,601.546751,8,nvidia
4000,722.943761,8,nvidia
4200,789.978079,8,nvidia
4400,908.932538,8,nvidia
4600,1064.711780,8,nvidia
4800,1199.791162,8,nvidia
5000,1384.854121,8,nvidia
20,0.001123,16,nvidia
30,0.003095,16,nvidia
40,0.005202,16,nvidia
50,0.007400,16,nvidia
60,0.011425,16,nvidia
70,0.014780,16,nvidia
80,0.020427,16,nvidia
90,0.024640,16,nvidia
100,0.029388,16,nvidia
110,0.037206,16,nvidia
120,0.042916,16,nvidia
130,0.052245,16,nvidia
140,0.059688,16,nvidia
150,0.067251,16,nvidia
160,0.079713,16,nvidia
170,0.089398,16,nvidia
180,0.098071,16,nvidia
190,0.113083,16,nvidia
200,0.124246,16,nvidia
210,0.135135,16,nvidia
220,0.151984,16,nvidia
230,0.167222,16,nvidia
240,0.188306,16,nvidia
250,0.204282,16,nvidia
260,0.242334,16,nvidia
270,0.241463,16,nvidia
280,0.258470,16,nvidia
290,0.283380,16,nvidia
300,0.308842,16,nvidia
310,0.331478,16,nvidia
320,0.365719,16,nvidia
330,0.389359,16,nvidia
340,0.424541,16,nvidia
350,0.461824,16,nvidia
360,0.494098,16,nvidia
370,0.500954,16,nvidia
380,0.544543,16,nvidia
390,0.630730,16,nvidia
400,0.630586,16,nvidia
410,0.668475,16,nvidia
420,0.723807,16,nvidia
430,0.775136,16,nvidia
440,0.814240,16,nvidia
450,0.864620,16,nvidia
460,0.925909,16,nvidia
470,0.993728,16,nvidia
480,1.039188,16,nvidia
490,1.128706,16,nvidia
500,1.242387,16,nvidia
520,1.648167,16,nvidia
540,1.496553,16,nvidia
560,1.677720,16,nvidia
580,1.855446,16,nvidia
600,2.109716,16,nvidia
620,2.382954,16,nvidia
640,2.569376,16,nvidia
660,2.925379,16,nvidia
680,3.268020,16,nvidia
700,3.666716,16,nvidia
720,3.971775,16,nvidia
740,4.372837,16,nvidia
760,4.779592,16,nvidia
780,5.394856,16,nvidia
800,5.569405,16,nvidia
820,6.134224,16,nvidia
840,6.674686,16,nvidia
860,7.240544,16,nvidia
880,7.678833,16,nvidia
900,8.310759,16,nvidia
920,8.945410,16,nvidia
940,9.665510,16,nvidia
960,10.095902,16,nvidia
980,8.303409,16,nvidia
1000,8.906714,16,nvidia
1050,10.546747,16,nvidia
1100,11.833232,16,nvidia
1150,13.538091,16,nvidia
1200,15.537158,16,nvidia
1250,18.586701,16,nvidia
1300,22.212489,16,nvidia
1350,24.549485,16,nvidia
1400,27.707002,16,nvidia
1450,32.173086,16,nvidia
1500,36.118306,16,nvidia
1550,40.543823,16,nvidia
1600,43.142263,16,nvidia
1650,48.858584,16,nvidia
1700,53.845372,16,nvidia
1750,60.159335,16,nvidia
1800,64.589058,16,nvidia
1850,71.322513,16,nvidia
1900,77.211813,16,nvidia
1950,72.609934,16,nvidia
2000,67.941559,16,nvidia
2100,96.579728,16,nvidia
2200,91.084016,16,nvidia
2300,111.948997,16,nvidia
2400,145.015782,16,nvidia
2500,144.675762,16,nvidia
2600,173.647265,16,nvidia
2700,217.019331,16,nvidia
2800,215.385063,16,nvidia
2900,246.891778,16,nvidia
3000,274.474575,16,nvidia
3200,339.520486,16,nvidia
3400,420.536688,16,nvidia
3600,504.500107,16,nvidia
3800,611.676482,16,nvidia
4000,660.618904,16,nvidia
4200,805.300395,16,nvidia
4400,916.188411,16,nvidia
4600,1085.097024,16,nvidia
4800,1207.449796,16,nvidia
5000,1122.453045,16,nvidia
20,0.001251,1,intel
30,0.001240,1,intel
40,0.001002,1,intel
50,0.001505,1,intel
60,0.000941,1,intel
70,0.001616,1,intel
80,0.002085,1,intel
90,0.004198,1,intel
100,0.003409,1,intel
110,0.006257,1,intel
120,0.008893,1,intel
130,0.006369,1,intel
140,0.014791,1,intel
150,0.010110,1,intel
160,0.012193,1,intel
170,0.013746,1,intel
180,0.017859,1,intel
190,0.019892,1,intel
200,0.023311,1,intel
210,0.026874,1,intel
220,0.030678,1,intel
230,0.037345,1,intel
240,0.039966,1,intel
250,0.044972,1,intel
260,0.052949,1,intel
270,0.053778,1,intel
280,0.059702,1,intel
290,0.066097,1,intel
300,0.081899,1,intel
310,0.084812,1,intel
320,0.097339,1,intel
330,0.101715,1,intel
340,0.112871,1,intel
350,0.121894,1,intel
360,0.134342,1,intel
370,0.141257,1,intel
380,0.154569,1,intel
390,0.173525,1,intel
400,0.182735,1,intel
410,0.202273,1,intel
420,0.208028,1,intel
430,0.223290,1,intel
440,0.238643,1,intel
450,0.254620,1,intel
460,0.273983,1,intel
470,0.291043,1,intel
480,0.311553,1,intel
490,0.329480,1,intel
500,0.355667,1,intel
520,0.408633,1,intel
540,0.456709,1,intel
560,0.492591,1,intel
580,0.564444,1,intel
600,0.640361,1,intel
620,0.699562,1,intel
640,0.821832,1,intel
660,0.831806,1,intel
680,0.956360,1,intel
700,0.968857,1,intel
720,1.036110,1,intel
740,1.176975,1,intel
760,1.297395,1,intel
780,1.351453,1,intel
800,1.434523,1,intel
820,1.604251,1,intel
840,1.453229,1,intel
860,1.544689,1,intel
880,1.618968,1,intel
900,1.722769,1,intel
920,1.802692,1,intel
940,1.928120,1,intel
960,2.529311,1,intel
980,2.678635,1,intel
1000,2.807464,1,intel
1050,3.230887,1,intel
1100,3.648399,1,intel
1150,4.055065,1,intel
1200,3.990474,1,intel
1250,5.727904,1,intel
1300,5.811291,1,intel
1350,5.775778,1,intel
1400,7.371735,1,intel
1450,10.896891,1,intel
1500,11.014793,1,intel
1550,11.010078,1,intel
1600,13.117882,1,intel
1650,14.156127,1,intel
1700,17.446023,1,intel
1750,19.095620,1,intel
1800,20.913689,1,intel
1850,22.453656,1,intel
1900,25.828652,1,intel
1950,29.059398,1,intel
2000,30.232941,1,intel
2100,35.756709,1,intel
2200,41.981077,1,intel
2300,46.166532,1,intel
2400,53.112945,1,intel
2500,59.557489,1,intel
2600,67.443551,1,intel
2700,76.369376,1,intel
2800,86.879645,1,intel
2900,99.622005,1,intel
3000,272.971533,1,intel
3200,127.248079,1,intel
3400,155.491404,1,intel
3600,185.873039,1,intel
3800,212.122823,1,intel
4000,245.507219,1,intel
4200,287.181790,1,intel
4400,328.068714,1,intel
4600,373.446232,1,intel
4800,414.803914,1,intel
5000,476.180467,1,intel
20,0.000483,2,intel
30,0.000890,2,intel
40,0.000960,2,intel
50,0.002886,2,intel
60,0.000971,2,intel
70,0.001684,2,intel
80,0.001692,2,intel
90,0.001866,2,intel
100,0.003849,2,intel
110,0.007843,2,intel
120,0.003466,2,intel
130,0.004212,2,intel
140,0.005395,2,intel
150,0.006698,2,intel
160,0.008432,2,intel
170,0.009658,2,intel
180,0.011164,2,intel
190,0.013308,2,intel
200,0.016229,2,intel
210,0.020786,2,intel
220,0.020444,2,intel
230,0.030388,2,intel
240,0.026872,2,intel
250,0.028893,2,intel
260,0.032598,2,intel
270,0.036758,2,intel
280,0.039537,2,intel
290,0.044689,2,intel
300,0.049112,2,intel
310,0.055582,2,intel
320,0.058219,2,intel
330,0.067778,2,intel
340,0.073696,2,intel
350,0.085539,2,intel
360,0.088626,2,intel
370,0.093525,2,intel
380,0.103938,2,intel
390,0.114986,2,intel
400,0.120168,2,intel
410,0.128754,2,intel
420,0.140331,2,intel
430,0.146808,2,intel
440,0.159401,2,intel
450,0.169435,2,intel
460,0.181190,2,intel
470,0.183839,2,intel
480,0.197939,2,intel
490,0.223207,2,intel
500,0.354006,2,intel
520,0.250220,2,intel
540,0.281360,2,intel
560,0.313880,2,intel
580,0.348071,2,intel
600,0.387409,2,intel
620,0.431894,2,intel
640,0.484491,2,intel
660,0.508788,2,intel
680,0.569660,2,intel
700,0.612483,2,intel
720,0.658721,2,intel
740,0.715813,2,intel
760,0.774690,2,intel
780,0.861551,2,intel
800,0.902133,2,intel
820,0.987157,2,intel
840,1.047341,2,intel
860,1.135465,2,intel
880,1.232566,2,intel
900,1.295850,2,intel
920,1.409264,2,intel
940,1.422716,2,intel
960,1.574715,2,intel
980,1.609459,2,intel
1000,1.535846,2,intel
1050,2.077805,2,intel
1100,2.378193,2,intel
1150,2.688274,2,intel
1200,3.247012,2,intel
1250,3.553287,2,intel
1300,3.862101,2,intel
1350,4.380737,2,intel
1400,5.321447,2,intel
1450,6.527074,2,intel
1500,7.665061,2,intel
1550,9.304635,2,intel
1600,12.053792,2,intel
1650,14.438244,2,intel
1700,16.751219,2,intel
1750,18.695563,2,intel
1800,20.996772,2,intel
1850,24.508454,2,intel
1900,27.998589,2,intel
1950,30.728316,2,intel
2000,33.919086,2,intel
2100,36.038665,2,intel
2200,43.052854,2,intel
2300,48.029763,2,intel
2400,53.012184,2,intel
2500,63.811583,2,intel
2600,71.178309,2,intel
2700,79.979819,2,intel
2800,87.672811,2,intel
2900,133.637231,2,intel
3000,149.186338,2,intel
3200,179.225806,2,intel
3400,214.110498,2,intel
3600,250.673717,2,intel
3800,295.100038,2,intel
4000,343.595711,2,intel
4200,304.623225,2,intel
4400,352.800671,2,intel
4600,399.814208,2,intel
4800,455.199564,2,intel
5000,540.083138,2,intel
20,0.000935,4,intel
30,0.001144,4,intel
40,0.000415,4,intel
50,0.001384,4,intel
60,0.001847,4,intel
70,0.000951,4,intel
80,0.001291,4,intel
90,0.002538,4,intel
100,0.001697,4,intel
110,0.005786,4,intel
120,0.002545,4,intel
130,0.006755,4,intel
140,0.008618,4,intel
150,0.006603,4,intel
160,0.005768,4,intel
170,0.007836,4,intel
180,0.009723,4,intel
190,0.011107,4,intel
200,0.014803,4,intel
210,0.015553,4,intel
220,0.013729,4,intel
230,0.020033,4,intel
240,0.017965,4,intel
250,0.025089,4,intel
260,0.026493,4,intel
270,0.031503,4,intel
280,0.027953,4,intel
290,0.038332,4,intel
300,0.035567,4,intel
310,0.047469,4,intel
320,0.042216,4,intel
330,0.059549,4,intel
340,0.049594,4,intel
350,0.067762,4,intel
360,0.057772,4,intel
370,0.078276,4,intel
380,0.067829,4,intel
390,0.091906,4,intel
400,0.078992,4,intel
410,0.105125,4,intel
420,0.090465,4,intel
430,0.122020,4,intel
440,0.101500,4,intel
450,0.139290,4,intel
460,0.116303,4,intel
470,0.152433,4,intel
480,0.139177,4,intel
490,0.175701,4,intel
500,0.151894,4,intel
520,0.172024,4,intel
540,0.187928,4,intel
560,0.209687,4,intel
580,0.227198,4,intel
600,0.253888,4,intel
620,0.280687,4,intel
640,0.298717,4,intel
660,0.319171,4,intel
680,0.345242,4,intel
700,0.395581,4,intel
720,0.431168,4,intel
740,0.468816,4,intel
760,0.495620,4,intel
780,0.555850,4,intel
800,0.566420,4,intel
820,0.607856,4,intel
840,0.647133,4,intel
860,1.097593,4,intel
880,0.743453,4,intel
900,0.785183,4,intel
920,0.835576,4,intel
940,0.899539,4,intel
960,0.876191,4,intel
980,0.896931,4,intel
1000,0.927723,4,intel
1050,1.652213,4,intel
1100,1.463534,4,intel
1150,2.505146,4,intel
1200,2.647061,4,intel
1250,3.274006,4,intel
1300,2.432139,4,intel
1350,5.393354,4,intel
1400,4.309866,4,intel
1450,5.558860,4,intel
1500,6.557954,4,intel
1550,8.414197,4,intel
1600,10.468384,4,intel
1650,12.504654,4,intel
1700,13.987388,4,intel
1750,16.452643,4,intel
1800,18.656282,4,intel
1850,20.274176,4,intel
1900,22.194782,4,intel
1950,24.300214,4,intel
2000,26.125663,4,intel
2100,30.974644,4,intel
2200,35.506905,4,intel
2300,39.146895,4,intel
2400,45.325793,4,intel
2500,53.221896,4,intel
2600,61.860534,4,intel
2700,68.844558,4,intel
2800,71.305409,4,intel
2900,87.105800,4,intel
3000,96.791296,4,intel
3200,111.508653,4,intel
3400,132.884990,4,intel
3600,154.680649,4,intel
3800,180.921270,4,intel
4000,215.360576,4,intel
4200,250.513650,4,intel
4400,286.260949,4,intel
4600,327.656630,4,intel
4800,385.508458,4,intel
5000,412.264265,4,intel
20,0.001183,8,intel
30,0.000614,8,intel
40,0.000759,8,intel
50,0.001199,8,intel
60,0.001327,8,intel
70,0.001486,8,intel
80,0.001748,8,intel
90,0.001414,8,intel
100,0.001880,8,intel
110,0.003924,8,intel
120,0.004952,8,intel
130,0.003165,8,intel
140,0.003438,8,intel
150,0.004991,8,intel
160,0.005049,8,intel
170,0.006609,8,intel
180,0.007103,8,intel
190,0.011699,8,intel
200,0.009529,8,intel
210,0.012046,8,intel
220,0.012689,8,intel
230,0.016391,8,intel
240,0.015944,8,intel
250,0.019817,8,intel
260,0.024020,8,intel
270,0.025961,8,intel
280,0.027205,8,intel
290,0.032199,8,intel
300,0.033071,8,intel
310,0.038078,8,intel
320,0.040795,8,intel
330,0.044390,8,intel
340,0.043060,8,intel
350,0.059304,8,intel
360,0.053132,8,intel
370,0.064877,8,intel
380,0.060220,8,intel
390,0.074883,8,intel
400,0.070749,8,intel
410,0.085842,8,intel
420,0.080518,8,intel
430,0.100161,8,intel
440,0.094973,8,intel
450,0.116661,8,intel
460,0.105002,8,intel
470,0.128491,8,intel
480,0.112544,8,intel
490,0.139796,8,intel
500,0.130251,8,intel
520,0.147716,8,intel
540,0.165178,8,intel
560,0.183415,8,intel
580,0.203959,8,intel
600,0.227220,8,intel
620,0.247370,8,intel
640,0.273865,8,intel
660,0.296068,8,intel
680,0.325640,8,intel
700,0.345117,8,intel
720,0.382474,8,intel
740,0.411448,8,intel
760,0.450129,8,intel
780,0.504749,8,intel
800,0.532450,8,intel
820,0.580081,8,intel
840,0.603734,8,intel
860,0.620442,8,intel
880,0.706476,8,intel
900,0.740056,8,intel
920,0.796716,8,intel
940,0.847640,8,intel
960,0.865727,8,intel
980,0.962435,8,intel
1000,0.988762,8,intel
1050,1.322294,8,intel
1100,1.343874,8,intel
1150,1.775957,8,intel
1200,2.425670,8,intel
1250,2.914468,8,intel
1300,3.605075,8,intel
1350,3.890461,8,intel
1400,3.823434,8,intel
1450,6.540632,8,intel
1500,7.481415,8,intel
1550,9.479156,8,intel
1600,10.120514,8,intel
1650,11.876603,8,intel
1700,13.209051,8,intel
1750,15.689817,8,intel
1800,17.294582,8,intel
1850,19.171450,8,intel
1900,21.138073,8,intel
1950,22.719214,8,intel
2000,25.131607,8,intel
2100,28.050221,8,intel
2200,32.391672,8,intel
2300,37.115722,8,intel
2400,41.953038,8,intel
2500,48.088011,8,intel
2600,53.361184,8,intel
2700,61.541397,8,intel
2800,70.167081,8,intel
2900,82.998794,8,intel
3000,87.077103,8,intel
3200,105.441184,8,intel
3400,127.626358,8,intel
3600,143.435933,8,intel
3800,168.739375,8,intel
4000,196.936181,8,intel
4200,226.062483,8,intel
4400,261.642377,8,intel
4600,298.538068,8,intel
4800,336.134199,8,intel
5000,381.800279,8,intel
20,0.000865,16,intel
30,0.000764,16,intel
40,0.001165,16,intel
50,0.001589,16,intel
60,0.001862,16,intel
70,0.002088,16,intel
80,0.001312,16,intel
90,0.002604,16,intel
100,0.002109,16,intel
110,0.003091,16,intel
120,0.002581,16,intel
130,0.003304,16,intel
140,0.003901,16,intel
150,0.004667,16,intel
160,0.005271,16,intel
170,0.006668,16,intel
180,0.006986,16,intel
190,0.009147,16,intel
200,0.009856,16,intel
210,0.011624,16,intel
220,0.014309,16,intel
230,0.015690,16,intel
240,0.016847,16,intel
250,0.019144,16,intel
260,0.022733,16,intel
270,0.025552,16,intel
280,0.026242,16,intel
290,0.030904,16,intel
300,0.035281,16,intel
310,0.035557,16,intel
320,0.038631,16,intel
330,0.043260,16,intel
340,0.043887,16,intel
350,0.052231,16,intel
360,0.051317,16,intel
370,0.059940,16,intel
380,0.061473,16,intel
390,0.069773,16,intel
400,0.071237,16,intel
410,0.081345,16,intel
420,0.081956,16,intel
430,0.095450,16,intel
440,0.094430,16,intel
450,0.104731,16,intel
460,0.106246,16,intel
470,0.119896,16,intel
480,0.122471,16,intel
490,0.136385,16,intel
500,0.134259,16,intel
520,0.145938,16,intel
540,0.160417,16,intel
560,0.187557,16,intel
580,0.202256,16,intel
600,0.226072,16,intel
620,0.243408,16,intel
640,0.275459,16,intel
660,0.289715,16,intel
680,0.310911,16,intel
700,0.349898,16,intel
720,0.374156,16,intel
740,0.407860,16,intel
760,0.430619,16,intel
780,0.482329,16,intel
800,0.520024,16,intel
820,0.558021,16,intel
840,0.596004,16,intel
860,0.641428,16,intel
880,0.690056,16,intel
900,0.697038,16,intel
920,0.778527,16,intel
940,0.825535,16,intel
960,0.937037,16,intel
980,0.925160,16,intel
1000,0.987696,16,intel
1050,1.354344,16,intel
1100,1.367336,16,intel
1150,1.728976,16,intel
1200,2.304572,16,intel
1250,2.787460,16,intel
1300,3.201804,16,intel
1350,4.665521,16,intel
1400,4.342264,16,intel
1450,5.392125,16,intel
1500,7.398993,16,intel
1550,7.949001,16,intel
1600,9.056414,16,intel
1650,10.654388,16,intel
1700,12.145080,16,intel
1750,14.846012,16,intel
1800,16.204425,16,intel
1850,17.518211,16,intel
1900,19.404200,16,intel
1950,21.222483,16,intel
2000,24.178589,16,intel
2100,26.927816,16,intel
2200,31.414478,16,intel
2300,35.859021,16,intel
2400,40.464424,16,intel
2500,46.415787,16,intel
2600,51.407295,16,intel
2700,57.599907,16,intel
2800,64.488462,16,intel
2900,74.505624,16,intel
3000,78.753936,16,intel
3200,101.295151,16,intel
3400,114.839856,16,intel
3600,135.360345,16,intel
3800,167.181535,16,intel
4000,185.838050,16,intel
4200,213.864886,16,intel
4400,246.509958,16,intel
4600,280.817309,16,intel
4800,321.050810,16,intel
5000,360.068917,16,intel
20,0.000569,1,amd
30,0.000789,1,amd
40,0.001184,1,amd
50,0.001623,1,amd
60,0.002333,1,amd
70,0.003600,1,amd
80,0.002933,1,amd
90,0.003781,1,amd
100,0.004768,1,amd
110,0.006142,1,amd
120,0.007566,1,amd
130,0.009204,1,amd
140,0.010924,1,amd
150,0.013170,1,amd
160,0.015996,1,amd
170,0.018985,1,amd
180,0.021711,1,amd
190,0.025556,1,amd
200,0.029131,1,amd
210,0.033379,1,amd
220,0.037776,1,amd
230,0.042311,1,amd
240,0.047912,1,amd
250,0.054848,1,amd
260,0.060789,1,amd
270,0.066009,1,amd
280,0.073971,1,amd
290,0.084185,1,amd
300,0.088779,1,amd
310,0.098769,1,amd
320,0.108627,1,amd
330,0.117552,1,amd
340,0.127538,1,amd
350,0.138986,1,amd
360,0.150801,1,amd
370,0.156926,1,amd
380,0.176505,1,amd
390,0.188372,1,amd
400,0.202902,1,amd
410,0.223283,1,amd
420,0.232733,1,amd
430,0.251286,1,amd
440,0.269998,1,amd
450,0.285637,1,amd
460,0.305474,1,amd
470,0.331910,1,amd
480,0.344067,1,amd
490,0.364318,1,amd
500,0.382967,1,amd
520,0.441210,1,amd
540,0.488908,1,amd
560,0.548476,1,amd
580,0.600973,1,amd
600,0.657234,1,amd
620,0.740166,1,amd
640,0.821954,1,amd
660,0.886676,1,amd
680,0.953105,1,amd
700,1.051125,1,amd
720,1.161626,1,amd
740,1.224665,1,amd
760,1.313896,1,amd
780,1.424094,1,amd
800,1.519633,1,amd
820,1.620120,1,amd
840,1.761162,1,amd
860,1.898889,1,amd
880,2.067366,1,amd
900,2.175750,1,amd
920,2.344426,1,amd
940,2.482661,1,amd
960,2.597980,1,amd
980,2.765420,1,amd
1000,7.755831,1,amd
1050,8.313469,1,amd
1100,9.139341,1,amd
1150,9.969468,1,amd
1200,10.509471,1,amd
1250,16.375878,1,amd
1300,17.542358,1,amd
1350,18.616661,1,amd
1400,20.023403,1,amd
1450,10.212085,1,amd
1500,11.721388,1,amd
1550,13.259724,1,amd
1600,15.160735,1,amd
1650,17.398752,1,amd
1700,19.199580,1,amd
1750,22.033052,1,amd
1800,23.808285,1,amd
1850,26.370095,1,amd
1900,28.405999,1,amd
1950,31.357494,1,amd
2000,33.521800,1,amd
2100,37.864276,1,amd
2200,42.734303,1,amd
2300,48.775851,1,amd
2400,54.771737,1,amd
2500,61.046806,1,amd
2600,71.808037,1,amd
2700,76.818077,1,amd
2800,90.414310,1,amd
2900,102.983923,1,amd
3000,111.520429,1,amd
3200,124.643267,1,amd
3400,159.381219,1,amd
3600,184.029687,1,amd
3800,218.379218,1,amd
4000,249.845079,1,amd
4200,305.658187,1,amd
4400,346.983971,1,amd
4600,397.178531,1,amd
4800,431.144950,1,amd
5000,513.306814,1,amd
20,0.000942,2,amd
30,0.000825,2,amd
40,0.000881,2,amd
50,0.001133,2,amd
60,0.001678,2,amd
70,0.002134,2,amd
80,0.002893,2,amd
90,0.004021,2,amd
100,0.004995,2,amd
110,0.007043,2,amd
120,0.007764,2,amd
130,0.009522,2,amd
140,0.011647,2,amd
150,0.013878,2,amd
160,0.016627,2,amd
170,0.019523,2,amd
180,0.022737,2,amd
190,0.026876,2,amd
200,0.030592,2,amd
210,0.035127,2,amd
220,0.039698,2,amd
230,0.044700,2,amd
240,0.050742,2,amd
250,0.056617,2,amd
260,0.063115,2,amd
270,0.070720,2,amd
280,0.078307,2,amd
290,0.085774,2,amd
300,0.093156,2,amd
310,0.099617,2,amd
320,0.111566,2,amd
330,0.121479,2,amd
340,0.135948,2,amd
350,0.143992,2,amd
360,0.156462,2,amd
370,0.170626,2,amd
380,0.185297,2,amd
390,0.198791,2,amd
400,0.220670,2,amd
410,0.232345,2,amd
420,0.253987,2,amd
430,0.268705,2,amd
440,0.285368,2,amd
450,0.302411,2,amd
460,0.320482,2,amd
470,0.343488,2,amd
480,0.367863,2,amd
490,0.388212,2,amd
500,0.408804,2,amd
520,0.458452,2,amd
540,0.502912,2,amd
560,0.571514,2,amd
580,0.633577,2,amd
600,0.704994,2,amd
620,0.765147,2,amd
640,0.844712,2,amd
660,0.905001,2,amd
680,1.013554,2,amd
700,1.101693,2,amd
720,1.194181,2,amd
740,1.281987,2,amd
760,1.402950,2,amd
780,1.489619,2,amd
800,1.631190,2,amd
820,1.763549,2,amd
840,1.869366,2,amd
860,1.971955,2,amd
880,2.132398,2,amd
900,2.238498,2,amd
920,2.421317,2,amd
940,2.569250,2,amd
960,2.795568,2,amd
980,2.916709,2,amd
1000,5.706844,2,amd
1050,6.228493,2,amd
1100,6.950705,2,amd
1150,7.679091,2,amd
1200,8.434378,2,amd
1250,12.243948,2,amd
1300,13.118109,2,amd
1350,14.334145,2,amd
1400,15.562208,2,amd
1450,10.927112,2,amd
1500,12.025510,2,amd
1550,14.120636,2,amd
1600,15.403859,2,amd
1650,17.339886,2,amd
1700,18.914604,2,amd
1750,21.627309,2,amd
1800,24.140796,2,amd
1850,26.005007,2,amd
1900,28.677025,2,amd
1950,30.793317,2,amd
2000,33.639813,2,amd
2100,37.182860,2,amd
2200,42.755056,2,amd
2300,48.287609,2,amd
2400,55.535644,2,amd
2500,61.360476,2,amd
2600,70.188736,2,amd
2700,78.258203,2,amd
2800,86.079769,2,amd
2900,99.079734,2,amd
3000,109.506460,2,amd
3200,126.439276,2,amd
3400,162.144094,2,amd
3600,185.456316,2,amd
3800,221.482256,2,amd
4000,251.249861,2,amd
4200,321.363523,2,amd
4400,361.021894,2,amd
4600,410.708625,2,amd
4800,437.935688,2,amd
5000,533.552483,2,amd
20,0.000739,4,amd
30,0.000881,4,amd
40,0.000839,4,amd
50,0.001248,4,amd
60,0.001635,4,amd
70,0.002360,4,amd
80,0.003125,4,amd
90,0.002879,4,amd
100,0.003186,4,amd
110,0.004285,4,amd
120,0.004708,4,amd
130,0.006117,4,amd
140,0.006794,4,amd
150,0.008293,4,amd
160,0.008976,4,amd
170,0.011685,4,amd
180,0.012031,4,amd
190,0.015564,4,amd
200,0.015603,4,amd
210,0.020408,4,amd
220,0.020172,4,amd
230,0.026607,4,amd
240,0.025812,4,amd
250,0.031950,4,amd
260,0.030780,4,amd
270,0.039120,4,amd
280,0.037587,4,amd
290,0.048346,4,amd
300,0.045114,4,amd
310,0.058031,4,amd
320,0.054578,4,amd
330,0.066586,4,amd
340,0.064880,4,amd
350,0.076905,4,amd
360,0.071326,4,amd
370,0.092477,4,amd
380,0.085451,4,amd
390,0.104401,4,amd
400,0.096398,4,amd
410,0.122257,4,amd
420,0.110219,4,amd
430,0.139555,4,amd
440,0.123785,4,amd
450,0.153869,4,amd
460,0.139345,4,amd
470,0.175329,4,amd
480,0.161452,4,amd
490,0.206179,4,amd
500,0.173945,4,amd
520,0.204056,4,amd
540,0.221645,4,amd
560,0.243663,4,amd
580,0.275317,4,amd
600,0.297329,4,amd
620,0.324117,4,amd
640,0.353804,4,amd
660,0.386326,4,amd
680,0.424575,4,amd
700,0.461002,4,amd
720,0.489383,4,amd
740,0.532935,4,amd
760,0.579126,4,amd
780,0.609085,4,amd
800,0.653260,4,amd
820,0.714714,4,amd
840,0.748470,4,amd
860,0.812617,4,amd
880,0.854629,4,amd
900,0.902978,4,amd
920,0.976037,4,amd
940,1.053378,4,amd
960,1.097317,4,amd
980,1.162890,4,amd
1000,2.410096,4,amd
1050,2.799966,4,amd
1100,2.809473,4,amd
1150,3.421898,4,amd
1200,3.493719,4,amd
1250,5.851614,4,amd
1300,6.025762,4,amd
1350,7.265888,4,amd
1400,7.865985,4,amd
1450,6.974837,4,amd
1500,8.175911,4,amd
1550,10.438826,4,amd
1600,11.837245,4,amd
1650,14.248219,4,amd
1700,15.366469,4,amd
1750,17.394489,4,amd
1800,18.580434,4,amd
1850,20.688163,4,amd
1900,22.098774,4,amd
1950,24.799282,4,amd
2000,26.047071,4,amd
2100,29.345585,4,amd
2200,32.708953,4,amd
2300,37.721470,4,amd
2400,42.439743,4,amd
2500,47.642352,4,amd
2600,53.420333,4,amd
2700,59.256601,4,amd
2800,67.883129,4,amd
2900,74.626367,4,amd
3000,82.086264,4,amd
3200,98.485245,4,amd
3400,119.723845,4,amd
3600,143.313200,4,amd
3800,164.830594,4,amd
4000,196.303359,4,amd
4200,223.687934,4,amd
4400,260.709523,4,amd
4600,290.737860,4,amd
4800,332.101785,4,amd
5000,381.171423,4,amd
20,0.000701,8,amd
30,0.000816,8,amd
40,0.000884,8,amd
50,0.000987,8,amd
60,0.001471,8,amd
70,0.001989,8,amd
80,0.001943,8,amd
90,0.002421,8,amd
100,0.002990,8,amd
110,0.004391,8,amd
120,0.004370,8,amd
130,0.005390,8,amd
140,0.006068,8,amd
150,0.007758,8,amd
160,0.008357,8,amd
170,0.009701,8,amd
180,0.011259,8,amd
190,0.013865,8,amd
200,0.014587,8,amd
210,0.016782,8,amd
220,0.018221,8,amd
230,0.021629,8,amd
240,0.023228,8,amd
250,0.025990,8,amd
260,0.028236,8,amd
270,0.033026,8,amd
280,0.034491,8,amd
290,0.039391,8,amd
300,0.040761,8,amd
310,0.047060,8,amd
320,0.048665,8,amd
330,0.055380,8,amd
340,0.057096,8,amd
350,0.066008,8,amd
360,0.068228,8,amd
370,0.074872,8,amd
380,0.075062,8,amd
390,0.086750,8,amd
400,0.086479,8,amd
410,0.098981,8,amd
420,0.103125,8,amd
430,0.115817,8,amd
440,0.115913,8,amd
450,0.131313,8,amd
460,0.133158,8,amd
470,0.147050,8,amd
480,0.149578,8,amd
490,0.168308,8,amd
500,0.165531,8,amd
520,0.187642,8,amd
540,0.199853,8,amd
560,0.223481,8,amd
580,0.244826,8,amd
600,0.279784,8,amd
620,0.301044,8,amd
640,0.335082,8,amd
660,0.348218,8,amd
680,0.381145,8,amd
700,0.419666,8,amd
720,0.462421,8,amd
740,0.491203,8,amd
760,0.531096,8,amd
780,0.571561,8,amd
800,0.614966,8,amd
820,0.639586,8,amd
840,0.698231,8,amd
860,0.742382,8,amd
880,0.794112,8,amd
900,0.845180,8,amd
920,0.888743,8,amd
940,0.966020,8,amd
960,1.018644,8,amd
980,1.087859,8,amd
1000,1.569808,8,amd
1050,1.820776,8,amd
1100,1.949473,8,amd
1150,2.407220,8,amd
1200,2.638524,8,amd
1250,4.007956,8,amd
1300,4.520999,8,amd
1350,5.534886,8,amd
1400,6.531360,8,amd
1450,6.902008,8,amd
1500,7.971608,8,amd
1550,9.492116,8,amd
1600,10.868781,8,amd
1650,12.817540,8,amd
1700,14.439553,8,amd
1750,16.279982,8,amd
1800,17.226114,8,amd
1850,19.565760,8,amd
1900,20.337464,8,amd
1950,22.711578,8,amd
2000,24.113747,8,amd
2100,27.985340,8,amd
2200,31.641859,8,amd
2300,35.733739,8,amd
2400,40.676619,8,amd
2500,45.470544,8,amd
2600,51.244504,8,amd
2700,57.776944,8,amd
2800,63.344949,8,amd
2900,70.872945,8,amd
3000,78.550171,8,amd
3200,93.841518,8,amd
3400,112.366626,8,amd
3600,132.643082,8,amd
3800,155.265310,8,amd
4000,180.219102,8,amd
4200,207.640684,8,amd
4400,238.457249,8,amd
4600,271.468108,8,amd
4800,305.458926,8,amd
5000,356.679419,8,amd
20,0.000865,16,amd
30,0.000829,16,amd
40,0.000944,16,amd
50,0.001261,16,amd
60,0.001816,16,amd
70,0.002230,16,amd
80,0.002216,16,amd
90,0.002486,16,amd
100,0.003102,16,amd
110,0.004218,16,amd
120,0.004562,16,amd
130,0.005728,16,amd
140,0.007461,16,amd
150,0.007873,16,amd
160,0.009208,16,amd
170,0.010421,16,amd
180,0.011311,16,amd
190,0.014098,16,amd
200,0.015010,16,amd
210,0.017182,16,amd
220,0.019869,16,amd
230,0.022202,16,amd
240,0.025175,16,amd
250,0.027583,16,amd
260,0.028829,16,amd
270,0.034909,16,amd
280,0.035958,16,amd
290,0.040091,16,amd
300,0.043378,16,amd
310,0.048562,16,amd
320,0.052830,16,amd
330,0.058371,16,amd
340,0.058608,16,amd
350,0.069087,16,amd
360,0.069477,16,amd
370,0.076764,16,amd
380,0.081051,16,amd
390,0.089093,16,amd
400,0.096913,16,amd
410,0.102690,16,amd
420,0.100416,16,amd
430,0.117418,16,amd
440,0.116153,16,amd
450,0.127991,16,amd
460,0.134758,16,amd
470,0.145644,16,amd
480,0.151949,16,amd
490,0.167332,16,amd
500,0.165123,16,amd
520,0.189792,16,amd
540,0.212759,16,amd
560,0.237127,16,amd
580,0.253556,16,amd
600,0.284961,16,amd
620,0.305107,16,amd
640,0.343100,16,amd
660,0.357083,16,amd
680,0.399124,16,amd
700,0.429624,16,amd
720,0.478644,16,amd
740,0.494728,16,amd
760,0.530939,16,amd
780,0.592393,16,amd
800,0.624731,16,amd
820,0.649084,16,amd
840,0.707397,16,amd
860,0.747971,16,amd
880,0.816408,16,amd
900,0.840996,16,amd
920,0.904570,16,amd
940,0.962979,16,amd
960,1.041397,16,amd
980,1.067910,16,amd
1000,1.255964,16,amd
1050,1.531744,16,amd
1100,1.715698,16,amd
1150,2.118398,16,amd
1200,2.419590,16,amd
1250,3.518372,16,amd
1300,4.203982,16,amd
1350,5.212989,16,amd
1400,6.186459,16,amd
1450,7.470709,16,amd
1500,8.671387,16,amd
1550,10.053495,16,amd
1600,11.060023,16,amd
1650,12.343950,16,amd
1700,13.443764,16,amd
1750,14.854607,16,amd
1800,16.020094,16,amd
1850,18.258580,16,amd
1900,19.275733,16,amd
1950,21.468951,16,amd
2000,22.287150,16,amd
2100,25.100539,16,amd
2200,28.246253,16,amd
2300,32.258009,16,amd
2400,37.093085,16,amd
2500,41.288677,16,amd
2600,46.477807,16,amd
2700,52.480444,16,amd
2800,58.254591,16,amd
2900,64.571500,16,amd
3000,71.172998,16,amd
3200,86.485362,16,amd
3400,102.635826,16,amd
3600,121.621670,16,amd
3800,142.380092,16,amd
4000,166.100333,16,amd
4200,190.690949,16,amd
4400,219.798863,16,amd
4600,249.102151,16,amd
4800,283.027178,16,amd
5000,319.429067,16,amd
